,match_date,total_events,total_matches,total_players,total_teams
0,2015-10-07,5,5,50,10
1,2015-10-08,8,25,140,28
2,2015-10-09,5,18,99,19
3,2015-10-10,3,6,60,12
4,2015-10-11,3,5,40,8
5,2015-10-12,6,8,70,14
6,2015-10-13,10,26,164,33
7,2015-10-14,9,28,165,33
8,2015-10-15,10,31,209,42
9,2015-10-16,7,21,129,26
10,2015-10-17,5,20,110,22
11,2015-10-18,8,45,230,46
12,2015-10-19,8,29,195,39
13,2015-10-20,9,26,176,35
14,2015-10-21,7,22,155,31
15,2015-10-22,9,23,149,30
16,2015-10-23,7,13,100,20
17,2015-10-24,6,18,130,26
18,2015-10-25,11,30,190,37
19,2015-10-26,1,2,20,4
20,2015-10-27,5,8,60,12
21,2015-10-28,4,14,130,26
22,2015-10-29,5,14,125,25
23,2015-10-30,5,14,122,26
24,2015-10-31,4,11,100,20
25,2015-11-01,3,6,50,10
26,2015-11-02,1,2,20,4
27,2015-11-03,6,16,116,23
28,2015-11-04,10,29,193,39
29,2015-11-05,9,26,163,32
30,2015-11-06,8,18,136,27
31,2015-11-07,5,20,160,32
32,2015-11-08,6,15,120,24
33,2015-11-09,5,7,59,12
34,2015-11-10,5,10,74,15
35,2015-11-11,9,28,179,36
36,2015-11-12,11,32,205,41
37,2015-11-13,8,26,177,35
38,2015-11-14,5,18,120,23
39,2015-11-15,6,25,125,24
40,2015-11-16,10,28,156,31
41,2015-11-17,7,43,202,40
42,2015-11-18,7,22,140,28
43,2015-11-19,6,17,96,19
44,2015-11-20,8,40,202,40
45,2015-11-21,7,23,150,30
46,2015-11-22,6,16,125,25
47,2015-11-23,5,6,54,11
48,2015-11-24,6,10,81,16
49,2015-11-25,6,13,100,20
50,2015-11-26,7,19,140,28
51,2015-11-27,5,15,125,25
52,2015-11-28,7,23,145,29
53,2015-11-29,5,8,65,13
54,2015-11-30,7,12,110,22
55,2015-12-01,11,19,150,30
56,2015-12-02,10,24,181,36
57,2015-12-03,9,22,152,30
58,2015-12-04,10,26,221,44
59,2015-12-05,11,27,205,41
60,2015-12-06,10,34,213,42
61,2015-12-07,9,13,130,26
62,2015-12-08,7,13,94,19
63,2015-12-09,7,15,111,22
64,2015-12-10,8,20,152,30
65,2015-12-11,7,17,130,26
66,2015-12-12,5,21,136,27
67,2015-12-13,7,15,100,20
68,2015-12-14,9,16,139,28
69,2015-12-15,11,23,180,36
70,2015-12-16,11,25,188,37
71,2015-12-17,11,21,169,34
72,2015-12-18,11,27,236,47
73,2015-12-19,9,32,210,42
74,2015-12-20,5,13,90,18
75,2015-12-22,1,2,15,3
76,2016-01-03,1,1,10,2
77,2016-01-04,2,3,27,6
78,2016-01-05,1,4,21,4
79,2016-01-06,2,7,65,13
80,2016-01-07,4,11,90,18
81,2016-01-08,4,14,110,22
82,2016-01-09,4,10,80,16
83,2016-01-10,5,24,140,28
84,2016-01-11,3,5,45,9
85,2016-01-12,4,8,55,11
86,2016-01-13,3,6,40,8
87,2016-01-14,5,11,75,15
88,2016-01-15,6,9,80,16
89,2016-01-16,4,11,85,17
90,2016-01-17,4,9,70,14
91,2016-01-18,4,9,65,14
92,2016-01-19,4,8,69,14
93,2016-01-20,3,8,50,10
94,2016-01-21,4,6,60,12
95,2016-01-22,4,16,100,20
96,2016-01-23,3,10,80,16
97,2016-01-24,3,7,55,11
98,2016-01-25,3,4,40,8
99,2016-01-26,5,14,105,21
100,2016-01-27,3,4,38,8
101,2016-01-28,5,10,99,20
102,2016-01-29,5,14,79,16
103,2016-01-30,4,11,65,13
104,2016-01-31,4,9,80,16
105,2016-02-01,6,8,80,16
106,2016-02-02,5,8,80,16
107,2016-02-03,5,7,69,14
108,2016-02-04,6,12,90,18
109,2016-02-05,6,24,129,26
110,2016-02-06,5,16,119,24
111,2016-02-07,2,3,30,6
112,2016-02-08,6,9,78,16
113,2016-02-09,8,15,124,25
114,2016-02-10,5,29,161,32
115,2016-02-11,8,39,265,53
116,2016-02-12,6,20,148,30
117,2016-02-13,2,9,50,10
118,2016-02-14,4,14,111,22
119,2016-02-15,10,24,178,36
120,2016-02-16,8,14,100,20
121,2016-02-17,7,21,134,27
122,2016-02-18,7,14,107,21
123,2016-02-19,7,26,145,29
124,2016-02-20,4,22,111,22
125,2016-02-21,7,33,189,38
126,2016-02-22,8,17,122,24
127,2016-02-23,8,23,165,33
128,2016-02-24,7,23,151,30
129,2016-02-25,9,14,114,22
130,2016-02-26,6,15,120,24
131,2016-02-27,3,24,130,26
132,2016-02-28,4,10,75,15
133,2016-02-29,1,1,10,2
134,2016-03-01,3,4,39,8
135,2016-03-02,4,18,60,12
136,2016-03-03,2,17,50,10
137,2016-03-04,3,9,70,14
138,2016-03-05,2,11,50,10
139,2016-03-06,3,8,65,13
140,2016-03-07,5,9,75,15
141,2016-03-08,3,13,87,17
142,2016-03-09,5,22,134,27
143,2016-03-10,7,21,130,26
144,2016-03-11,4,13,85,17
145,2016-03-12,5,25,230,46
146,2016-03-13,5,50,294,59
147,2016-03-14,8,15,101,20
148,2016-03-15,7,16,105,21
149,2016-03-16,5,16,108,22
150,2016-03-17,6,18,135,27
151,2016-03-18,5,16,90,18
152,2016-03-19,7,26,175,35
153,2016-03-20,6,34,180,36
154,2016-03-21,8,17,125,25
155,2016-03-22,7,20,150,30
156,2016-03-23,6,22,160,32
157,2016-03-24,9,114,437,87
158,2016-03-25,8,59,295,59
159,2016-03-26,3,15,90,18
160,2016-03-27,4,20,144,29
161,2016-03-28,6,8,75,15
162,2016-03-29,2,8,80,16
163,2016-03-30,4,14,130,26
164,2016-03-31,4,11,105,21
165,2016-04-01,4,9,80,16
166,2016-04-02,2,5,45,9
167,2016-04-03,5,7,70,14
168,2016-04-04,3,4,40,8
169,2016-04-05,2,3,30,6
170,2016-04-06,7,12,86,17
171,2016-04-07,7,21,135,27
172,2016-04-08,9,22,165,32
173,2016-04-09,5,17,105,20
174,2016-04-10,7,16,120,24
175,2016-04-11,6,9,80,16
176,2016-04-12,3,13,130,26
177,2016-04-13,6,17,169,34
178,2016-04-14,7,14,128,26
179,2016-04-15,4,9,75,15
180,2016-04-16,5,10,100,20
181,2016-04-17,4,8,70,14
182,2016-04-18,4,5,45,9
183,2016-04-19,7,21,155,31
184,2016-04-20,8,26,170,34
185,2016-04-21,10,31,190,38
186,2016-04-22,7,15,120,24
187,2016-04-23,7,24,160,32
188,2016-04-24,5,29,190,38
189,2016-04-25,9,19,145,29
190,2016-04-26,7,22,145,29
191,2016-04-27,10,27,200,40
192,2016-04-28,7,18,148,30
193,2016-04-29,5,14,115,23
194,2016-04-30,5,17,155,31
195,2016-05-01,5,20,145,29
196,2016-05-02,3,3,30,6
197,2016-05-03,4,7,65,13
198,2016-05-04,4,8,80,16
199,2016-05-05,4,17,105,21
200,2016-05-06,6,13,110,22
201,2016-05-07,7,16,120,23
202,2016-05-08,7,24,171,34
203,2016-05-09,5,14,96,19
204,2016-05-10,6,9,90,18
205,2016-05-11,7,14,110,22
206,2016-05-12,4,6,55,11
207,2016-05-13,1,3,20,4
208,2016-05-14,3,17,80,16
209,2016-05-15,5,7,60,12
210,2016-05-16,3,6,40,8
211,2016-05-17,2,4,35,7
212,2016-05-18,10,17,165,33
213,2016-05-19,10,24,200,40
214,2016-05-20,8,17,145,29
215,2016-05-21,7,17,120,24
216,2016-05-22,4,8,70,14
217,2016-05-23,7,12,107,22
218,2016-05-24,7,15,100,20
219,2016-05-25,9,19,144,29
220,2016-05-26,10,17,145,30
221,2016-05-27,4,8,70,14
222,2016-05-28,5,13,130,26
223,2016-05-29,4,24,125,24
224,2016-05-30,4,6,50,10
225,2016-05-31,5,12,80,16
226,2016-06-01,5,12,80,16
227,2016-06-02,5,7,70,14
228,2016-06-03,3,6,50,10
229,2016-06-04,4,13,130,26
230,2016-06-05,7,25,175,35
231,2016-06-06,8,10,94,19
232,2016-06-07,5,11,65,13
233,2016-06-08,5,10,70,14
234,2016-06-09,8,21,189,38
235,2016-06-10,2,10,100,20
236,2016-06-11,2,9,90,18
237,2016-06-12,3,13,90,18
238,2016-06-13,4,6,60,11
239,2016-06-14,8,20,131,26
240,2016-06-15,9,19,141,28
241,2016-06-16,7,9,90,18
242,2016-06-17,3,6,55,11
243,2016-06-18,6,12,93,19
244,2016-06-19,3,7,55,11
245,2016-06-20,2,4,30,6
246,2016-06-21,6,10,69,14
247,2016-06-22,6,15,89,18
248,2016-06-23,6,10,98,20
249,2016-06-24,3,9,69,14
250,2016-06-25,7,26,140,28
251,2016-06-26,4,8,70,14
252,2016-06-27,7,13,118,23
253,2016-06-28,8,18,135,27
254,2016-06-29,7,20,113,22
255,2016-06-30,4,6,58,12
256,2016-07-01,4,8,70,14
257,2016-07-02,6,12,100,20
258,2016-07-03,9,17,134,27
259,2016-07-04,4,8,70,14
260,2016-07-05,4,15,150,30
261,2016-07-06,5,13,129,26
262,2016-07-07,7,11,110,22
263,2016-07-08,3,8,78,16
264,2016-07-09,4,7,60,12
265,2016-07-10,4,7,60,12
266,2016-07-11,3,6,56,11
267,2016-07-12,3,7,40,8
268,2016-07-13,6,12,90,18
269,2016-07-14,6,12,100,20
270,2016-07-15,4,9,85,17
271,2016-07-16,6,19,140,28
272,2016-07-17,7,18,150,30
273,2016-07-18,7,13,108,22
274,2016-07-19,8,14,124,25
275,2016-07-20,4,10,74,15
276,2016-07-21,6,11,100,20
277,2016-07-22,6,21,109,22
278,2016-07-23,6,8,79,16
279,2016-07-24,10,17,141,29
280,2016-07-25,5,8,80,16
281,2016-07-26,9,22,159,31
282,2016-07-27,9,14,119,24
283,2016-07-28,10,15,130,26
284,2016-07-29,5,10,80,16
285,2016-07-30,6,14,115,23
286,2016-07-31,8,19,145,29
287,2016-08-01,5,8,60,12
288,2016-08-02,4,8,75,15
289,2016-08-03,7,11,85,17
290,2016-08-04,8,15,127,25
291,2016-08-05,5,19,130,26
292,2016-08-06,5,10,85,17
293,2016-08-07,6,26,165,33
294,2016-08-08,7,12,120,24
295,2016-08-09,9,15,148,30
296,2016-08-10,9,17,147,30
297,2016-08-11,10,19,185,37
298,2016-08-12,8,14,125,25
299,2016-08-13,5,6,58,12
300,2016-08-14,13,32,239,48
301,2016-08-15,11,18,170,34
302,2016-08-16,6,8,80,16
303,2016-08-17,10,16,127,26
304,2016-08-18,12,22,167,34
305,2016-08-19,6,14,105,21
306,2016-08-20,7,21,140,28
307,2016-08-21,10,49,281,56
308,2016-08-22,5,14,100,20
309,2016-08-23,6,20,134,27
310,2016-08-24,9,26,154,31
311,2016-08-25,5,21,130,26
312,2016-08-26,5,30,150,30
313,2016-08-27,5,24,149,30
314,2016-08-28,9,31,210,42
315,2016-08-29,7,13,102,21
316,2016-08-30,11,39,232,48
317,2016-08-31,11,31,198,41
318,2016-09-01,10,21,154,32
319,2016-09-02,8,27,223,45
320,2016-09-03,9,38,259,52
321,2016-09-04,10,37,232,46
322,2016-09-05,4,13,120,24
323,2016-09-06,6,18,100,20
324,2016-09-07,9,37,240,48
325,2016-09-08,7,22,160,32
326,2016-09-09,5,10,89,18
327,2016-09-10,7,20,137,27
328,2016-09-11,12,26,200,40
329,2016-09-12,6,12,105,21
330,2016-09-13,11,32,203,42
331,2016-09-14,11,40,230,46
332,2016-09-15,9,29,174,36
333,2016-09-16,9,28,200,40
334,2016-09-17,7,22,164,33
335,2016-09-18,8,24,141,28
336,2016-09-19,7,12,104,21
337,2016-09-20,12,26,160,34
338,2016-09-21,12,42,257,53
339,2016-09-22,11,40,278,56
340,2016-09-23,10,26,189,38
341,2016-09-24,11,33,254,52
342,2016-09-25,12,26,171,35
343,2016-09-26,7,20,116,23
344,2016-09-27,12,36,218,44
345,2016-09-28,12,35,257,52
346,2016-09-29,10,22,162,32
347,2016-09-30,6,24,130,26
348,2016-10-01,9,36,199,40
349,2016-10-02,11,42,236,47
350,2016-10-03,6,14,95,19
351,2016-10-04,6,17,110,22
352,2016-10-05,7,25,179,36
353,2016-10-06,8,51,265,53
354,2016-10-07,7,69,291,58
355,2016-10-08,9,49,306,61
356,2016-10-09,11,28,185,37
357,2016-10-10,5,11,78,16
358,2016-10-11,8,29,210,42
359,2016-10-12,13,55,376,75
360,2016-10-13,10,43,264,53
361,2016-10-14,11,58,289,58
362,2016-10-15,13,78,493,99
363,2016-10-16,15,56,336,67
364,2016-10-17,6,19,120,24
365,2016-10-18,6,24,160,32
366,2016-10-19,8,29,193,39
367,2016-10-20,3,6,60,12
368,2016-10-21,4,22,125,25
369,2016-10-22,7,29,180,36
370,2016-10-23,6,35,150,30
371,2016-10-24,4,9,70,14
372,2016-10-25,2,4,40,8
373,2016-10-26,7,22,205,41
374,2016-10-27,6,34,225,45
375,2016-10-28,8,51,325,65
376,2016-10-29,7,42,256,51
377,2016-10-30,9,34,190,38
378,2016-10-31,3,8,70,14
379,2016-11-01,7,16,120,24
380,2016-11-02,7,18,155,31
381,2016-11-03,9,21,145,29
382,2016-11-04,9,29,201,40
383,2016-11-05,7,21,145,29
384,2016-11-06,9,21,134,27
385,2016-11-07,6,14,94,19
386,2016-11-08,6,21,120,24
387,2016-11-09,8,23,160,32
388,2016-11-10,10,43,235,47
389,2016-11-11,9,44,235,47
390,2016-11-12,10,34,225,45
391,2016-11-13,8,25,135,27
392,2016-11-14,5,8,40,8
393,2016-11-15,4,11,70,14
394,2016-11-16,6,22,131,26
395,2016-11-17,10,29,195,39
396,2016-11-18,12,35,229,46
397,2016-11-19,9,28,189,38
398,2016-11-20,11,26,187,37
399,2016-11-21,9,24,150,30
400,2016-11-22,9,15,111,22
401,2016-11-23,8,27,178,36
402,2016-11-24,11,38,225,45
403,2016-11-25,7,26,176,35
404,2016-11-26,9,26,185,37
405,2016-11-27,6,13,95,19
406,2016-11-28,4,11,100,20
407,2016-11-29,5,10,100,20
408,2016-11-30,5,12,110,22
409,2016-12-01,7,11,110,22
410,2016-12-02,7,13,111,22
411,2016-12-03,6,14,115,23
412,2016-12-04,6,16,125,25
413,2016-12-05,2,2,20,4
414,2016-12-06,2,6,55,11
415,2016-12-07,1,1,10,2
416,2016-12-08,4,7,55,11
417,2016-12-09,5,25,120,24
418,2016-12-10,6,39,256,50
419,2016-12-11,8,18,130,26
420,2016-12-12,3,4,40,8
421,2016-12-13,3,7,70,14
422,2016-12-14,2,3,25,5
423,2016-12-15,4,14,110,22
424,2016-12-16,4,16,140,28
425,2016-12-17,4,20,145,30
426,2016-12-18,5,17,130,26
427,2016-12-19,1,1,10,2
428,2016-12-20,1,6,20,4
429,2016-12-21,1,6,21,4
430,2016-12-22,2,5,50,10
431,2016-12-23,2,3,30,6
432,2016-12-24,2,6,45,9
433,2016-12-25,3,5,39,8
434,2016-12-26,1,4,30,6
435,2016-12-27,2,4,36,7
436,2016-12-28,1,3,20,4
437,2016-12-29,1,1,10,2
438,2017-01-05,3,4,40,8
439,2017-01-06,4,11,80,16
440,2017-01-07,2,7,55,11
441,2017-01-08,3,14,71,14
442,2017-01-09,2,14,100,20
443,2017-01-10,2,6,51,10
444,2017-01-11,2,2,20,4
445,2017-01-12,4,36,185,37
446,2017-01-13,5,38,190,38
447,2017-01-14,4,15,120,24
448,2017-01-15,5,21,140,28
449,2017-01-16,4,19,159,32
450,2017-01-17,3,9,65,13
451,2017-01-18,4,5,50,10
452,2017-01-19,3,3,30,6
453,2017-01-20,1,3,20,4
454,2017-01-21,2,9,90,18
455,2017-01-22,2,13,110,22
456,2017-01-23,3,10,90,18
457,2017-01-24,3,13,110,22
458,2017-01-25,4,11,105,21
459,2017-01-26,4,7,70,14
460,2017-01-27,3,8,50,10
461,2017-01-28,2,9,50,10
462,2017-01-29,4,6,50,10
463,2017-01-30,5,10,85,17
464,2017-01-31,6,14,110,22
465,2017-02-01,2,6,59,12
466,2017-02-02,3,19,135,27
467,2017-02-03,4,32,180,36
468,2017-02-04,3,21,115,23
469,2017-02-05,9,21,156,31
470,2017-02-06,7,11,105,21
471,2017-02-07,6,20,130,26
472,2017-02-08,7,39,275,55
473,2017-02-09,9,40,270,54
474,2017-02-10,10,35,255,51
475,2017-02-11,4,8,65,13
476,2017-02-12,6,12,80,16
477,2017-02-13,7,15,120,24
478,2017-02-14,4,7,60,12
479,2017-02-15,6,20,169,34
480,2017-02-16,5,28,200,40
481,2017-02-17,3,18,150,30
482,2017-02-18,2,10,61,12
483,2017-02-19,7,36,235,47
484,2017-02-20,5,12,114,23
485,2017-02-21,6,18,140,28
486,2017-02-22,8,22,165,33
487,2017-02-23,10,38,295,59
488,2017-02-24,9,36,275,55
489,2017-02-25,2,3,30,6
490,2017-02-26,6,36,230,46
491,2017-02-27,7,15,119,24
492,2017-02-28,6,17,150,30
493,2017-03-01,9,38,205,41
494,2017-03-02,11,52,262,52
495,2017-03-03,7,35,215,43
496,2017-03-04,4,13,90,18
497,2017-03-05,5,11,80,16
498,2017-03-06,6,18,140,28
499,2017-03-07,10,21,145,29
500,2017-03-08,12,37,265,53
501,2017-03-09,14,47,315,64
502,2017-03-10,9,28,196,39
503,2017-03-11,6,10,95,19
504,2017-03-12,11,21,182,36
505,2017-03-13,8,18,149,30
506,2017-03-14,7,16,115,23
507,2017-03-15,11,31,205,41
508,2017-03-16,14,46,316,63
509,2017-03-17,11,34,236,47
510,2017-03-18,6,9,65,13
511,2017-03-19,4,7,60,12
512,2017-03-20,8,19,160,32
513,2017-03-21,8,31,232,47
514,2017-03-22,11,45,259,52
515,2017-03-23,9,49,295,60
516,2017-03-24,6,33,225,45
517,2017-03-25,4,21,140,28
518,2017-03-26,9,36,225,45
519,2017-03-27,9,26,154,31
520,2017-03-28,8,37,211,43
521,2017-03-29,10,44,290,58
522,2017-03-30,11,35,211,42
523,2017-03-31,6,23,160,32
524,2017-04-01,11,52,320,64
525,2017-04-02,14,51,308,62
526,2017-04-03,9,23,155,31
527,2017-04-04,5,22,180,36
528,2017-04-05,6,19,160,32
529,2017-04-06,9,25,210,42
530,2017-04-07,5,19,144,29
531,2017-04-08,5,17,130,26
532,2017-04-09,7,14,129,26
533,2017-04-10,12,24,195,39
534,2017-04-11,11,24,179,36
535,2017-04-12,12,34,245,49
536,2017-04-13,11,152,656,131
537,2017-04-14,8,76,371,75
538,2017-04-15,8,41,245,49
539,2017-04-16,6,16,95,19
540,2017-04-17,4,8,65,13
541,2017-04-18,7,15,125,25
542,2017-04-19,11,31,184,37
543,2017-04-20,18,41,310,62
544,2017-04-21,10,19,149,30
545,2017-04-22,8,38,275,55
546,2017-04-23,11,43,270,54
547,2017-04-24,7,14,115,23
548,2017-04-25,8,26,162,32
549,2017-04-26,13,38,246,49
550,2017-04-27,12,34,230,46
551,2017-04-28,12,35,293,59
552,2017-04-29,9,43,320,64
553,2017-04-30,10,26,200,40
554,2017-05-01,8,19,167,33
555,2017-05-02,7,20,145,29
556,2017-05-03,10,27,170,34
557,2017-05-04,14,46,328,66
558,2017-05-05,11,37,266,54
559,2017-05-06,13,45,320,64
560,2017-05-07,14,32,245,49
561,2017-05-08,6,16,125,25
562,2017-05-09,10,28,214,43
563,2017-05-10,14,46,270,54
564,2017-05-11,13,49,264,53
565,2017-05-12,12,47,315,63
566,2017-05-13,13,48,295,59
567,2017-05-14,8,24,180,36
568,2017-05-15,9,19,165,33
569,2017-05-16,12,38,306,61
570,2017-05-17,12,33,221,44
571,2017-05-18,14,54,300,59
572,2017-05-19,9,28,198,40
573,2017-05-20,8,29,226,45
574,2017-05-21,11,34,224,45
575,2017-05-22,6,19,129,26
576,2017-05-23,9,22,142,28
577,2017-05-24,9,25,175,35
578,2017-05-25,10,26,205,41
579,2017-05-26,9,22,138,27
580,2017-05-27,9,28,180,36
581,2017-05-28,7,20,125,25
582,2017-05-29,9,15,116,23
583,2017-05-30,8,23,131,27
584,2017-05-31,7,32,130,26
585,2017-06-01,5,26,118,24
586,2017-06-02,7,21,119,24
587,2017-06-03,7,20,135,27
588,2017-06-04,7,15,100,20
589,2017-06-05,7,7,65,13
590,2017-06-06,5,9,75,15
591,2017-06-07,8,30,245,49
592,2017-06-08,9,43,280,56
593,2017-06-09,6,22,140,28
594,2017-06-10,4,13,99,20
595,2017-06-11,11,24,191,38
596,2017-06-12,6,14,115,23
597,2017-06-13,8,20,160,32
598,2017-06-14,6,24,215,43
599,2017-06-15,7,33,236,47
600,2017-06-16,5,23,155,31
601,2017-06-17,13,37,289,58
602,2017-06-18,13,35,250,50
603,2017-06-19,11,27,200,40
604,2017-06-20,7,20,151,30
605,2017-06-21,10,34,245,49
606,2017-06-22,7,26,200,40
607,2017-06-23,8,30,250,50
608,2017-06-24,9,35,235,47
609,2017-06-25,10,37,261,52
610,2017-06-26,11,37,230,46
611,2017-06-27,11,28,195,39
612,2017-06-28,10,30,245,49
613,2017-06-29,8,40,325,65
614,2017-06-30,6,27,245,49
615,2017-07-01,9,48,308,62
616,2017-07-02,12,50,340,68
617,2017-07-03,6,17,109,22
618,2017-07-04,10,39,266,53
619,2017-07-05,9,37,276,55
620,2017-07-06,9,41,302,60
621,2017-07-07,11,57,355,71
622,2017-07-08,6,21,160,32
623,2017-07-09,7,15,140,28
624,2017-07-10,5,24,190,38
625,2017-07-11,13,48,359,71
626,2017-07-12,13,28,226,45
627,2017-07-13,10,36,287,57
628,2017-07-14,8,23,210,42
629,2017-07-15,7,19,160,32
630,2017-07-16,7,18,180,36
631,2017-07-17,9,26,210,42
632,2017-07-18,7,24,214,43
633,2017-07-19,8,37,290,58
634,2017-07-20,7,23,200,40
635,2017-07-21,12,26,245,49
636,2017-07-22,9,24,184,37
637,2017-07-23,7,10,90,18
638,2017-07-24,7,16,120,24
639,2017-07-25,8,26,193,39
640,2017-07-26,9,32,220,44
641,2017-07-27,12,34,275,55
642,2017-07-28,9,46,275,55
643,2017-07-29,6,48,270,54
644,2017-07-30,8,33,216,43
645,2017-07-31,6,20,135,27
646,2017-08-01,8,25,165,33
647,2017-08-02,9,27,174,35
648,2017-08-03,14,31,201,40
649,2017-08-04,5,15,112,22
650,2017-08-05,11,32,216,43
651,2017-08-06,6,12,94,19
652,2017-08-07,2,2,19,4
653,2017-08-08,4,5,50,10
654,2017-08-09,7,10,95,19
655,2017-08-10,9,21,156,31
656,2017-08-11,4,11,68,14
657,2017-08-12,10,21,191,38
658,2017-08-13,13,40,242,48
659,2017-08-14,4,12,115,23
660,2017-08-15,12,40,313,63
661,2017-08-16,14,40,281,56
662,2017-08-17,16,38,276,55
663,2017-08-18,10,24,156,31
664,2017-08-19,13,45,396,79
665,2017-08-20,15,38,290,58
666,2017-08-21,8,20,145,29
667,2017-08-22,9,22,180,36
668,2017-08-23,12,44,315,63
669,2017-08-24,10,37,225,45
670,2017-08-25,9,36,230,46
671,2017-08-26,14,64,445,89
672,2017-08-27,17,87,539,107
673,2017-08-28,6,13,110,22
674,2017-08-29,7,10,100,20
675,2017-08-30,9,28,200,40
676,2017-08-31,8,15,140,28
677,2017-09-01,6,12,110,22
678,2017-09-02,13,39,339,68
679,2017-09-03,13,38,259,52
680,2017-09-04,8,17,125,25
681,2017-09-05,9,18,134,27
682,2017-09-06,10,25,180,36
683,2017-09-07,9,26,170,34
684,2017-09-08,11,50,295,59
685,2017-09-09,15,72,508,101
686,2017-09-10,17,47,290,58
687,2017-09-11,6,13,80,17
688,2017-09-12,6,17,106,21
689,2017-09-13,8,27,177,35
690,2017-09-14,10,24,155,31
691,2017-09-15,8,23,145,29
692,2017-09-16,11,27,196,39
693,2017-09-17,13,30,205,41
694,2017-09-18,9,23,197,39
695,2017-09-19,8,28,245,49
696,2017-09-20,11,45,345,69
697,2017-09-21,12,24,185,37
698,2017-09-22,12,31,216,44
699,2017-09-23,17,79,489,98
700,2017-09-24,21,87,544,107
701,2017-09-25,13,32,231,46
702,2017-09-26,14,33,249,51
703,2017-09-27,18,47,331,67
704,2017-09-28,16,52,356,71
705,2017-09-29,16,52,360,72
706,2017-09-30,14,30,239,48
707,2017-10-01,17,29,224,45
708,2017-10-02,15,36,262,52
709,2017-10-03,18,46,335,67
710,2017-10-04,19,55,365,73
711,2017-10-05,17,54,361,72
712,2017-10-06,13,45,275,55
713,2017-10-07,16,50,331,66
714,2017-10-08,16,34,215,43
715,2017-10-09,15,37,244,49
716,2017-10-10,13,48,309,62
717,2017-10-11,12,44,315,63
718,2017-10-12,14,45,306,61
719,2017-10-13,4,15,130,26
720,2017-10-14,7,22,200,40
721,2017-10-15,12,74,325,65
722,2017-10-16,16,45,300,60
723,2017-10-17,14,42,251,50
724,2017-10-18,16,54,383,77
725,2017-10-19,15,59,405,81
726,2017-10-20,11,51,351,70
727,2017-10-21,13,35,285,57
728,2017-10-22,13,24,170,34
729,2017-10-23,15,27,201,40
730,2017-10-24,10,32,240,48
731,2017-10-25,9,51,334,67
732,2017-10-26,13,61,332,66
733,2017-10-27,10,39,240,47
734,2017-10-28,9,30,205,40
735,2017-10-29,11,31,230,46
736,2017-10-30,11,30,195,39
737,2017-10-31,10,30,225,45
738,2017-11-01,11,35,237,47
739,2017-11-02,13,55,325,65
740,2017-11-03,8,33,210,42
741,2017-11-04,8,34,210,42
742,2017-11-05,13,28,220,44
743,2017-11-06,9,28,234,47
744,2017-11-07,15,37,280,56
745,2017-11-08,18,77,434,86
746,2017-11-09,18,91,510,102
747,2017-11-10,18,74,446,89
748,2017-11-11,19,66,435,87
749,2017-11-12,17,72,393,78
750,2017-11-13,12,25,205,41
751,2017-11-14,13,39,261,52
752,2017-11-15,15,51,327,65
753,2017-11-16,13,35,235,47
754,2017-11-17,9,25,168,34
755,2017-11-18,6,16,120,24
756,2017-11-19,9,17,135,27
757,2017-11-20,9,14,114,23
758,2017-11-21,8,21,180,36
759,2017-11-22,9,20,134,27
760,2017-11-23,8,41,184,37
761,2017-11-24,7,36,188,38
762,2017-11-25,8,46,220,44
763,2017-11-26,7,16,110,22
764,2017-11-27,5,14,105,21
765,2017-11-28,10,21,160,32
766,2017-11-29,15,29,235,47
767,2017-11-30,13,25,175,35
768,2017-12-01,13,29,205,41
769,2017-12-02,9,38,195,39
770,2017-12-03,12,25,186,37
771,2017-12-04,11,23,175,35
772,2017-12-05,9,30,170,34
773,2017-12-06,10,31,200,40
774,2017-12-07,13,30,220,44
775,2017-12-08,10,21,170,34
776,2017-12-09,7,21,150,30
777,2017-12-10,15,31,222,45
778,2017-12-11,12,20,155,31
779,2017-12-12,10,22,171,34
780,2017-12-13,15,39,280,56
781,2017-12-14,15,28,215,43
782,2017-12-15,13,28,211,42
783,2017-12-16,19,50,338,67
784,2017-12-17,16,37,264,53
785,2017-12-18,12,23,190,38
786,2017-12-19,10,21,143,28
787,2017-12-20,10,29,207,41
788,2017-12-21,12,32,190,38
789,2017-12-22,8,17,120,24
790,2017-12-23,6,16,130,26
791,2017-12-24,3,9,80,16
792,2017-12-25,2,3,25,5
793,2017-12-26,2,3,30,6
794,2017-12-27,5,8,65,13
795,2017-12-28,6,13,103,21
796,2017-12-29,4,6,55,11
797,2017-12-30,2,4,30,6
798,2017-12-31,1,3,20,4
799,2018-01-04,4,7,65,13
800,2018-01-05,4,13,90,18
801,2018-01-06,4,11,85,17
802,2018-01-07,6,12,85,17
803,2018-01-08,5,12,65,13
804,2018-01-09,1,2,20,4
805,2018-01-10,1,2,20,4
806,2018-01-11,3,26,110,22
807,2018-01-12,4,29,145,29
808,2018-01-13,4,28,175,35
809,2018-01-14,4,14,125,25
810,2018-01-15,1,7,65,13
811,2018-01-16,6,18,127,25
812,2018-01-17,5,12,85,17
813,2018-01-18,6,13,100,20
814,2018-01-19,3,14,121,24
815,2018-01-20,6,21,190,38
816,2018-01-21,7,20,175,35
817,2018-01-22,6,17,145,29
818,2018-01-23,6,14,140,28
819,2018-01-24,8,33,254,51
820,2018-01-25,8,23,211,42
821,2018-01-26,6,15,140,28
822,2018-01-27,4,9,65,13
823,2018-01-28,7,13,100,20
824,2018-01-29,6,11,110,22
825,2018-01-30,7,23,195,39
826,2018-01-31,7,21,170,34
827,2018-02-01,11,44,295,59
828,2018-02-02,13,54,324,65
829,2018-02-03,14,52,365,73
830,2018-02-04,15,51,360,72
831,2018-02-05,10,37,303,60
832,2018-02-06,8,23,191,38
833,2018-02-07,10,49,366,73
834,2018-02-08,8,41,332,66
835,2018-02-09,6,28,244,49
836,2018-02-10,10,30,240,48
837,2018-02-11,10,25,185,37
838,2018-02-12,9,27,200,40
839,2018-02-13,8,35,191,38
840,2018-02-14,12,54,337,67
841,2018-02-15,12,54,351,70
842,2018-02-16,7,31,215,43
843,2018-02-17,5,20,200,40
844,2018-02-18,7,23,225,45
845,2018-02-19,9,27,235,47
846,2018-02-20,9,30,258,52
847,2018-02-21,10,38,330,66
848,2018-02-22,10,29,228,46
849,2018-02-23,7,28,205,41
850,2018-02-24,5,12,120,24
851,2018-02-25,14,26,220,44
852,2018-02-26,12,31,248,49
853,2018-02-27,11,41,290,58
854,2018-02-28,14,46,359,72
855,2018-03-01,13,47,363,72
856,2018-03-02,12,41,290,58
857,2018-03-03,7,21,162,32
858,2018-03-04,9,20,151,30
859,2018-03-05,11,35,226,45
860,2018-03-06,12,66,300,60
861,2018-03-07,16,61,371,74
862,2018-03-08,20,69,407,81
863,2018-03-09,13,33,245,49
864,2018-03-10,9,23,199,40
865,2018-03-11,14,35,239,48
866,2018-03-12,6,14,100,20
867,2018-03-13,14,50,274,55
868,2018-03-14,15,56,309,62
869,2018-03-15,17,71,381,75
870,2018-03-16,12,38,225,45
871,2018-03-17,10,25,191,38
872,2018-03-18,12,21,174,35
873,2018-03-19,12,29,205,41
874,2018-03-20,11,29,224,45
875,2018-03-21,12,56,297,59
876,2018-03-22,18,65,396,79
877,2018-03-23,14,63,325,65
878,2018-03-24,17,53,350,70
879,2018-03-25,15,46,296,59
880,2018-03-26,11,24,184,37
881,2018-03-27,12,24,205,41
882,2018-03-28,15,35,290,58
883,2018-03-29,17,80,616,123
884,2018-03-30,14,54,384,77
885,2018-03-31,11,41,280,56
886,2018-04-01,6,12,105,21
887,2018-04-02,10,19,162,34
888,2018-04-03,10,31,211,42
889,2018-04-04,17,49,336,67
890,2018-04-05,17,52,360,72
891,2018-04-06,10,32,219,44
892,2018-04-07,11,47,285,57
893,2018-04-08,11,38,230,46
894,2018-04-09,8,15,120,24
895,2018-04-10,11,28,190,38
896,2018-04-11,13,50,294,59
897,2018-04-12,13,43,255,51
898,2018-04-13,14,45,280,56
899,2018-04-14,10,47,302,60
900,2018-04-15,13,38,234,47
901,2018-04-16,12,20,170,34
902,2018-04-17,11,21,176,35
903,2018-04-18,11,30,235,47
904,2018-04-19,7,16,139,28
905,2018-04-20,10,24,190,38
906,2018-04-21,11,32,235,47
907,2018-04-22,7,19,120,24
908,2018-04-23,8,17,151,30
909,2018-04-24,13,35,219,44
910,2018-04-25,13,37,200,40
911,2018-04-26,14,47,284,57
912,2018-04-27,7,23,130,26
913,2018-04-28,8,34,230,46
914,2018-04-29,9,46,235,47
915,2018-04-30,9,15,125,25
916,2018-05-01,10,27,204,41
917,2018-05-02,7,23,205,41
918,2018-05-03,15,38,304,61
919,2018-05-04,12,18,145,29
920,2018-05-05,12,42,314,63
921,2018-05-06,11,26,206,41
922,2018-05-07,12,21,169,34
923,2018-05-08,7,14,120,24
924,2018-05-09,13,24,185,37
925,2018-05-10,14,37,245,49
926,2018-05-11,8,24,145,29
927,2018-05-12,13,30,225,45
928,2018-05-13,12,24,185,37
929,2018-05-14,9,17,140,28
930,2018-05-15,11,32,255,51
931,2018-05-16,7,27,195,39
932,2018-05-17,10,26,211,42
933,2018-05-18,9,17,140,28
934,2018-05-19,9,32,229,46
935,2018-05-20,12,34,235,47
936,2018-05-21,7,14,115,23
937,2018-05-22,10,20,191,38
938,2018-05-23,9,25,230,46
939,2018-05-24,12,35,271,54
940,2018-05-25,10,30,220,44
941,2018-05-26,8,18,160,32
942,2018-05-27,12,40,265,53
943,2018-05-28,9,27,221,44
944,2018-05-29,9,30,255,51
945,2018-05-30,7,47,295,59
946,2018-05-31,10,42,321,64
947,2018-06-01,9,31,290,58
948,2018-06-02,7,36,240,48
949,2018-06-03,8,39,264,53
950,2018-06-04,8,9,90,18
951,2018-06-05,11,30,234,47
952,2018-06-06,11,25,217,43
953,2018-06-07,12,33,280,56
954,2018-06-08,9,29,226,45
955,2018-06-09,12,32,285,57
956,2018-06-10,7,34,206,41
957,2018-06-11,7,17,121,24
958,2018-06-12,10,41,300,60
959,2018-06-13,12,47,380,76
960,2018-06-14,8,31,230,46
961,2018-06-15,7,34,210,42
962,2018-06-16,7,29,196,38
963,2018-06-17,13,40,294,60
964,2018-06-18,8,26,165,33
965,2018-06-19,11,40,276,55
966,2018-06-20,9,28,231,46
967,2018-06-21,9,34,280,56
968,2018-06-22,6,20,165,33
969,2018-06-23,12,36,315,63
970,2018-06-24,10,39,246,49
971,2018-06-25,11,34,237,47
972,2018-06-26,12,41,270,54
973,2018-06-27,11,48,300,60
974,2018-06-28,9,37,270,54
975,2018-06-29,8,25,229,46
976,2018-06-30,12,36,275,55
977,2018-07-01,12,33,255,51
978,2018-07-02,10,15,124,25
979,2018-07-03,8,29,220,44
980,2018-07-04,4,23,185,37
981,2018-07-05,6,27,195,39
982,2018-07-06,6,15,130,26
983,2018-07-07,9,31,185,37
984,2018-07-08,6,14,95,19
985,2018-07-09,6,18,147,30
986,2018-07-10,10,31,245,49
987,2018-07-11,7,30,230,46
988,2018-07-12,8,32,241,48
989,2018-07-13,8,21,150,30
990,2018-07-14,4,8,60,12
991,2018-07-15,6,15,110,22
992,2018-07-16,5,12,85,17
993,2018-07-17,4,16,100,20
994,2018-07-18,5,17,125,25
995,2018-07-19,6,21,151,30
996,2018-07-20,7,19,130,26
997,2018-07-21,11,27,205,41
998,2018-07-22,13,33,217,43
999,2018-07-23,6,15,120,24
1000,2018-07-24,8,16,145,29
1001,2018-07-25,9,17,165,33
1002,2018-07-26,7,20,198,39
1003,2018-07-27,11,27,238,47
1004,2018-07-28,14,57,331,66
1005,2018-07-29,13,32,216,43
1006,2018-07-30,5,6,60,12
1007,2018-07-31,9,12,115,23
1008,2018-08-01,13,38,274,55
1009,2018-08-02,14,31,250,50
1010,2018-08-03,13,65,330,66
1011,2018-08-04,12,94,365,73
1012,2018-08-05,13,40,261,52
1013,2018-08-06,6,10,75,15
1014,2018-08-07,11,20,154,31
1015,2018-08-08,9,19,148,30
1016,2018-08-09,11,24,170,33
1017,2018-08-10,8,14,128,26
1018,2018-08-11,13,46,334,67
1019,2018-08-12,9,18,144,29
1020,2018-08-13,7,22,133,26
1021,2018-08-14,9,25,165,33
1022,2018-08-15,12,27,180,36
1023,2018-08-16,10,23,150,30
1024,2018-08-17,11,22,205,41
1025,2018-08-18,9,28,210,42
1026,2018-08-19,15,43,292,58
1027,2018-08-20,10,24,184,37
1028,2018-08-21,12,34,298,60
1029,2018-08-22,11,28,215,43
1030,2018-08-23,12,36,265,53
1031,2018-08-24,12,32,254,51
1032,2018-08-25,10,27,226,45
1033,2018-08-26,11,22,175,35
1034,2018-08-27,7,18,160,32
1035,2018-08-28,10,60,205,41
1036,2018-08-29,12,47,341,68
1037,2018-08-30,10,29,257,52
1038,2018-08-31,7,23,200,40
1039,2018-09-01,15,57,380,76
1040,2018-09-02,13,32,250,50
1041,2018-09-03,11,28,232,46
1042,2018-09-04,11,32,222,44
1043,2018-09-05,7,25,220,44
1044,2018-09-06,7,25,201,40
1045,2018-09-07,9,66,370,74
1046,2018-09-08,10,38,295,59
1047,2018-09-09,9,20,155,31
1048,2018-09-10,3,7,50,10
1049,2018-09-11,7,17,144,29
1050,2018-09-12,5,18,156,31
1051,2018-09-13,6,21,180,36
1052,2018-09-14,4,14,130,26
1053,2018-09-15,8,21,200,40
1054,2018-09-16,9,17,140,28
1055,2018-09-17,6,17,138,28
1056,2018-09-18,14,38,281,56
1057,2018-09-19,11,27,206,41
1058,2018-09-20,7,23,190,38
1059,2018-09-21,5,10,91,18
1060,2018-09-22,6,15,130,26
1061,2018-09-23,11,20,160,32
1062,2018-09-24,10,20,160,32
1063,2018-09-25,12,31,266,53
1064,2018-09-26,13,34,310,62
1065,2018-09-27,16,40,349,69
1066,2018-09-28,10,23,170,34
1067,2018-09-29,11,34,220,44
1068,2018-09-30,15,27,229,46
1069,2018-10-01,16,43,334,66
1070,2018-10-02,15,51,333,67
1071,2018-10-03,16,54,340,68
1072,2018-10-04,17,56,310,62
1073,2018-10-05,15,56,335,66
1074,2018-10-06,12,29,189,37
1075,2018-10-07,13,33,250,50
1076,2018-10-08,10,31,256,51
1077,2018-10-09,10,31,255,50
1078,2018-10-10,11,35,250,50
1079,2018-10-11,13,30,227,45
1080,2018-10-12,10,32,231,46
1081,2018-10-13,8,15,120,24
1082,2018-10-14,11,27,141,28
1083,2018-10-15,7,15,135,27
1084,2018-10-16,10,36,216,43
1085,2018-10-17,14,60,339,68
1086,2018-10-18,16,64,374,74
1087,2018-10-19,14,62,360,72
1088,2018-10-20,17,89,502,100
1089,2018-10-21,17,67,323,64
1090,2018-10-22,9,40,230,46
1091,2018-10-23,9,28,200,40
1092,2018-10-24,10,39,260,52
1093,2018-10-25,8,31,265,53
1094,2018-10-26,5,17,130,26
1095,2018-10-27,12,34,275,55
1096,2018-10-28,15,43,300,60
1097,2018-10-29,6,19,165,33
1098,2018-10-30,10,46,285,57
1099,2018-10-31,15,61,340,68
1100,2018-11-01,17,72,402,80
1101,2018-11-02,13,42,300,60
1102,2018-11-03,16,54,350,70
1103,2018-11-04,11,25,195,39
1104,2018-11-05,10,33,206,41
1105,2018-11-06,11,53,375,75
1106,2018-11-07,11,48,325,65
1107,2018-11-08,12,51,315,63
1108,2018-11-09,8,64,352,70
1109,2018-11-10,13,35,325,63
1110,2018-11-11,15,25,205,41
1111,2018-11-12,5,19,135,27
1112,2018-11-13,4,20,96,19
1113,2018-11-14,11,50,259,52
1114,2018-11-15,11,60,305,61
1115,2018-11-16,10,30,210,42
1116,2018-11-17,10,46,289,57
1117,2018-11-18,10,29,204,41
1118,2018-11-19,7,17,145,29
1119,2018-11-20,10,19,160,32
1120,2018-11-21,9,22,170,34
1121,2018-11-22,10,44,256,51
1122,2018-11-23,8,17,146,29
1123,2018-11-24,9,25,220,44
1124,2018-11-25,11,31,215,43
1125,2018-11-26,7,15,120,24
1126,2018-11-27,6,12,106,21
1127,2018-11-28,12,30,255,51
1128,2018-11-29,8,27,211,42
1129,2018-11-30,7,23,190,38
1130,2018-12-01,4,12,100,20
1131,2018-12-02,6,10,90,18
1132,2018-12-03,7,12,111,22
1133,2018-12-04,4,17,125,25
1134,2018-12-05,11,23,225,45
1135,2018-12-06,10,34,256,51
1136,2018-12-07,10,23,170,34
1137,2018-12-08,10,22,181,36
1138,2018-12-09,13,21,175,35
1139,2018-12-10,10,14,124,25
1140,2018-12-11,13,24,205,41
1141,2018-12-12,12,38,290,58
1142,2018-12-13,13,58,398,79
1143,2018-12-14,11,41,286,57
1144,2018-12-15,12,30,191,38
1145,2018-12-16,12,22,175,35
1146,2018-12-17,7,14,130,26
1147,2018-12-18,10,18,155,31
1148,2018-12-19,7,10,90,18
1149,2018-12-20,6,11,80,16
1150,2018-12-21,6,16,140,28
1151,2018-12-22,8,49,237,47
1152,2018-12-23,6,20,135,27
1153,2018-12-24,2,4,40,8
1154,2018-12-25,1,2,20,4
1155,2018-12-26,1,2,20,4
1156,2018-12-27,4,8,80,16
1157,2018-12-28,3,7,60,12
1158,2018-12-29,2,5,40,8
1159,2018-12-30,1,1,10,2
1160,2019-01-04,2,5,50,10
1161,2019-01-05,2,8,60,12
1162,2019-01-06,1,3,25,5
1163,2019-01-07,3,4,40,8
1164,2019-01-08,3,21,122,25
1165,2019-01-09,2,9,60,12
1166,2019-01-10,4,8,65,13
1167,2019-01-11,3,7,64,13
1168,2019-01-12,2,3,30,6
1169,2019-01-13,4,11,100,20
1170,2019-01-14,3,9,75,15
1171,2019-01-15,4,9,80,16
1172,2019-01-16,7,23,180,36
1173,2019-01-17,6,27,224,45
1174,2019-01-18,5,12,109,22
1175,2019-01-19,3,5,50,10
1176,2019-01-20,5,17,90,18
1177,2019-01-21,4,9,75,15
1178,2019-01-22,5,19,145,29
1179,2019-01-23,7,22,185,37
1180,2019-01-24,7,19,170,34
1181,2019-01-25,7,16,140,28
1182,2019-01-26,7,17,110,22
1183,2019-01-27,7,18,150,30
1184,2019-01-28,8,15,135,27
1185,2019-01-29,7,25,180,36
1186,2019-01-30,11,26,226,45
1187,2019-01-31,8,35,250,50
1188,2019-02-01,9,25,199,40
1189,2019-02-02,3,8,70,14
1190,2019-02-03,5,36,216,43
1191,2019-02-04,10,24,185,37
1192,2019-02-05,13,35,252,50
1193,2019-02-06,12,37,285,57
1194,2019-02-07,12,34,255,51
1195,2019-02-08,11,28,204,41
1196,2019-02-09,10,20,154,31
1197,2019-02-10,10,17,140,28
1198,2019-02-11,8,16,141,28
1199,2019-02-12,9,20,166,33
1200,2019-02-13,8,41,300,60
1201,2019-02-14,9,36,311,62
1202,2019-02-15,7,21,170,34
1203,2019-02-16,3,9,70,14
1204,2019-02-17,7,17,150,30
1205,2019-02-18,7,13,121,24
1206,2019-02-19,7,16,124,25
1207,2019-02-20,12,42,301,61
1208,2019-02-21,11,39,335,67
1209,2019-02-22,8,23,195,39
1210,2019-02-23,6,12,115,23
1211,2019-02-24,9,25,215,43
1212,2019-02-25,8,14,130,26
1213,2019-02-26,8,23,181,37
1214,2019-02-27,9,33,267,54
1215,2019-02-28,10,30,215,43
1216,2019-03-01,7,23,150,30
1217,2019-03-02,8,12,110,22
1218,2019-03-03,6,10,80,16
1219,2019-03-04,6,20,160,32
1220,2019-03-05,8,26,215,43
1221,2019-03-06,9,39,261,52
1222,2019-03-07,10,46,326,65
1223,2019-03-08,6,13,115,23
1224,2019-03-09,3,5,45,9
1225,2019-03-10,11,27,192,38
1226,2019-03-11,8,31,201,40
1227,2019-03-12,10,46,270,54
1228,2019-03-13,9,40,280,56
1229,2019-03-14,11,27,215,43
1230,2019-03-15,5,16,125,25
1231,2019-03-16,5,7,70,14
1232,2019-03-17,5,8,70,14
1233,2019-03-18,5,14,120,24
1234,2019-03-19,6,11,100,20
1235,2019-03-20,10,17,150,30
1236,2019-03-21,9,39,280,56
1237,2019-03-22,12,48,304,61
1238,2019-03-23,11,56,310,62
1239,2019-03-24,12,26,180,36
1240,2019-03-25,8,27,160,32
1241,2019-03-26,8,20,170,34
1242,2019-03-27,8,18,160,32
1243,2019-03-28,5,12,115,23
1244,2019-03-29,8,14,140,28
1245,2019-03-30,7,22,210,42
1246,2019-03-31,10,34,270,54
1247,2019-04-01,7,17,160,32
1248,2019-04-02,9,22,219,44
1249,2019-04-03,5,9,85,17
1250,2019-04-04,5,11,110,22
1251,2019-04-05,5,12,89,18
1252,2019-04-06,9,36,235,47
1253,2019-04-07,11,25,187,37
1254,2019-04-08,5,10,90,18
1255,2019-04-09,8,29,221,44
1256,2019-04-10,9,28,245,49
1257,2019-04-11,7,19,190,38
1258,2019-04-12,10,31,246,49
1259,2019-04-13,14,54,345,69
1260,2019-04-14,15,34,275,55
1261,2019-04-15,5,8,80,16
1262,2019-04-16,10,16,151,30
1263,2019-04-17,9,15,135,27
1264,2019-04-18,9,40,266,53
1265,2019-04-19,7,29,210,42
1266,2019-04-20,10,36,240,48
1267,2019-04-21,9,21,160,32
1268,2019-04-22,7,13,105,21
1269,2019-04-23,7,17,150,30
1270,2019-04-24,6,18,160,32
1271,2019-04-25,8,18,165,33
1272,2019-04-26,7,16,135,27
1273,2019-04-27,6,9,75,15
1274,2019-04-28,9,24,165,33
1275,2019-04-29,7,9,85,17
1276,2019-04-30,8,29,234,47
1277,2019-05-01,6,15,135,27
1278,2019-05-02,10,24,220,44
1279,2019-05-03,9,25,215,43
1280,2019-05-04,8,26,205,41
1281,2019-05-05,8,19,135,27
1282,2019-05-06,7,13,105,21
1283,2019-05-07,8,17,140,28
1284,2019-05-08,7,21,185,37
1285,2019-05-09,10,42,300,60
1286,2019-05-10,10,33,240,48
1287,2019-05-11,9,39,215,43
1288,2019-05-12,7,14,115,23
1289,2019-05-13,6,12,100,20
1290,2019-05-14,16,34,310,62
1291,2019-05-15,16,38,325,65
1292,2019-05-16,14,35,285,57
1293,2019-05-17,13,35,275,55
1294,2019-05-18,5,17,140,28
1295,2019-05-19,6,11,95,19
1296,2019-05-20,8,18,160,33
1297,2019-05-21,14,32,275,55
1298,2019-05-22,14,44,310,62
1299,2019-05-23,14,32,250,50
1300,2019-05-24,14,45,295,59
1301,2019-05-25,9,34,205,41
1302,2019-05-26,10,44,290,58
1303,2019-05-27,8,27,200,40
1304,2019-05-28,9,24,210,42
1305,2019-05-29,10,52,371,74
1306,2019-05-30,9,39,305,61
1307,2019-05-31,13,34,245,49
1308,2019-06-01,7,37,250,50
1309,2019-06-02,9,22,170,34
1310,2019-06-03,9,29,209,42
1311,2019-06-04,9,60,380,76
1312,2019-06-05,10,54,351,70
1313,2019-06-06,10,61,360,72
1314,2019-06-07,12,51,340,68
1315,2019-06-08,12,43,325,65
1316,2019-06-09,10,28,235,47
1317,2019-06-10,7,27,240,48
1318,2019-06-11,11,36,274,55
1319,2019-06-12,7,36,220,44
1320,2019-06-13,9,33,205,41
1321,2019-06-14,7,26,180,36
1322,2019-06-15,14,28,225,45
1323,2019-06-16,9,27,195,39
1324,2019-06-17,8,21,165,33
1325,2019-06-18,6,26,200,40
1326,2019-06-19,9,21,200,40
1327,2019-06-20,11,27,225,45
1328,2019-06-21,6,8,80,16
1329,2019-06-22,7,22,145,29
1330,2019-06-23,6,12,85,17
1331,2019-06-24,3,6,54,11
1332,2019-06-25,7,10,90,18
1333,2019-06-26,6,14,97,19
1334,2019-06-27,9,19,141,28
1335,2019-06-28,7,13,100,20
1336,2019-06-29,7,22,171,34
1337,2019-06-30,7,17,115,23
1338,2019-07-01,4,6,55,11
1339,2019-07-02,4,18,140,28
1340,2019-07-03,3,8,80,16
1341,2019-07-04,4,9,80,16
1342,2019-07-05,5,12,100,20
1343,2019-07-06,7,23,165,33
1344,2019-07-07,6,11,90,18
1345,2019-07-08,5,12,110,22
1346,2019-07-09,8,23,190,38
1347,2019-07-10,8,20,189,38
1348,2019-07-11,10,18,164,33
1349,2019-07-12,7,19,171,34
1350,2019-07-13,8,34,200,40
1351,2019-07-14,8,30,155,31
1352,2019-07-15,7,12,100,20
1353,2019-07-16,6,12,120,24
1354,2019-07-17,9,28,199,40
1355,2019-07-18,10,27,196,39
1356,2019-07-19,12,32,270,54
1357,2019-07-20,14,31,279,56
1358,2019-07-21,14,30,244,49
1359,2019-07-22,4,7,65,13
1360,2019-07-23,3,7,60,12
1361,2019-07-24,4,14,100,20
1362,2019-07-25,5,11,90,18
1363,2019-07-26,8,22,190,38
1364,2019-07-27,10,19,165,33
1365,2019-07-28,7,19,135,27
1366,2019-07-29,3,5,40,8
1367,2019-07-30,4,12,114,23
1368,2019-07-31,4,14,111,22
1369,2019-08-01,5,14,125,25
1370,2019-08-02,5,13,101,20
1371,2019-08-03,8,23,155,31
1372,2019-08-04,6,20,141,29
1373,2019-08-05,4,7,60,12
1374,2019-08-06,3,9,85,17
1375,2019-08-07,4,9,80,16
1376,2019-08-08,4,9,84,17
1377,2019-08-09,2,6,60,12
1378,2019-08-10,6,25,178,35
1379,2019-08-11,8,17,115,23
1380,2019-08-12,2,4,40,8
1381,2019-08-13,3,8,75,15
1382,2019-08-14,5,14,140,28
1383,2019-08-15,8,19,131,26
1384,2019-08-16,5,10,85,17
1385,2019-08-17,7,15,125,25
1386,2019-08-18,11,31,235,47
1387,2019-08-19,6,10,100,20
1388,2019-08-20,5,9,83,17
1389,2019-08-21,5,11,100,20
1390,2019-08-22,9,12,105,21
1391,2019-08-23,1,14,80,16
1392,2019-08-24,1,10,80,16
1393,2019-08-25,6,25,190,38
1394,2019-08-26,3,5,50,10
1395,2019-08-27,1,1,10,2
1396,2019-08-28,2,10,100,20
1397,2019-08-29,3,12,120,24
1398,2019-08-30,5,19,160,32
1399,2019-08-31,8,20,180,36
1400,2019-09-01,8,21,145,29
1401,2019-09-02,1,2,19,4
1402,2019-09-03,3,7,60,12
1403,2019-09-04,3,4,40,8
1404,2019-09-05,4,5,50,10
1405,2019-09-06,6,17,110,22
1406,2019-09-07,10,29,226,45
1407,2019-09-08,10,27,185,37
1408,2019-09-09,5,10,100,20
1409,2019-09-10,6,19,145,29
1410,2019-09-11,9,43,274,54
1411,2019-09-12,10,38,277,55
1412,2019-09-13,10,30,216,43
1413,2019-09-14,15,42,290,58
1414,2019-09-15,9,57,246,49
1415,2019-09-16,12,26,190,38
1416,2019-09-17,14,25,210,42
1417,2019-09-18,13,29,234,47
1418,2019-09-19,12,29,229,46
1419,2019-09-20,8,25,155,31
1420,2019-09-21,16,52,391,78
1421,2019-09-22,19,59,385,77
1422,2019-09-23,9,17,135,27
1423,2019-09-24,7,20,131,26
1424,2019-09-25,14,31,241,48
1425,2019-09-26,14,33,265,53
1426,2019-09-27,10,28,228,45
1427,2019-09-28,15,42,295,59
1428,2019-09-29,15,28,206,42
1429,2019-09-30,7,14,120,24
1430,2019-10-01,12,35,254,51
1431,2019-10-02,9,24,200,40
1432,2019-10-03,13,38,271,54
1433,2019-10-04,9,20,180,36
1434,2019-10-05,14,22,210,42
1435,2019-10-06,12,22,174,35
1436,2019-10-07,6,11,90,18
1437,2019-10-08,7,14,125,25
1438,2019-10-09,9,21,164,33
1439,2019-10-10,11,28,225,45
1440,2019-10-11,8,18,170,34
1441,2019-10-12,9,21,190,38
1442,2019-10-13,12,33,230,46
1443,2019-10-14,8,16,160,32
1444,2019-10-15,9,25,194,39
1445,2019-10-16,10,37,270,54
1446,2019-10-17,12,25,200,40
1447,2019-10-18,9,26,215,43
1448,2019-10-19,11,28,220,44
1449,2019-10-20,10,23,170,34
1450,2019-10-21,6,19,155,31
1451,2019-10-22,7,23,187,38
1452,2019-10-23,8,31,235,47
1453,2019-10-24,10,41,271,54
1454,2019-10-25,6,14,126,25
1455,2019-10-26,7,30,205,41
1456,2019-10-27,5,12,89,18
1457,2019-10-28,10,21,195,39
1458,2019-10-29,8,21,167,34
1459,2019-10-30,9,27,217,43
1460,2019-10-31,11,39,261,52
1461,2019-11-01,9,54,268,53
1462,2019-11-02,6,40,230,46
1463,2019-11-03,11,30,225,45
1464,2019-11-04,7,22,161,32
1465,2019-11-05,7,24,175,35
1466,2019-11-06,8,33,215,43
1467,2019-11-07,8,41,244,49
1468,2019-11-08,5,17,119,24
1469,2019-11-09,7,22,165,33
1470,2019-11-10,9,16,140,28
1471,2019-11-11,5,15,110,22
1472,2019-11-12,6,14,110,22
1473,2019-11-13,8,13,110,22
1474,2019-11-14,8,31,255,51
1475,2019-11-15,9,32,245,49
1476,2019-11-16,12,46,276,55
1477,2019-11-17,13,34,260,52
1478,2019-11-18,6,10,100,20
1479,2019-11-19,6,16,154,31
1480,2019-11-20,8,19,185,37
1481,2019-11-21,8,22,208,42
1482,2019-11-22,8,16,149,30
1483,2019-11-23,15,28,249,51
1484,2019-11-24,12,23,180,36
1485,2019-11-25,13,20,187,38
1486,2019-11-26,13,25,212,42
1487,2019-11-27,13,24,199,40
1488,2019-11-28,11,20,169,34
1489,2019-11-29,7,16,134,27
1490,2019-11-30,6,15,120,24
1491,2019-12-01,10,18,154,31
1492,2019-12-02,7,12,120,24
1493,2019-12-03,8,25,189,38
1494,2019-12-04,6,16,151,30
1495,2019-12-05,8,15,135,27
1496,2019-12-06,9,14,125,25
1497,2019-12-07,15,45,305,61
1498,2019-12-08,19,34,270,54
1499,2019-12-09,8,18,160,32
1500,2019-12-10,9,19,175,35
1501,2019-12-11,12,72,358,72
1502,2019-12-12,16,34,280,56
1503,2019-12-13,12,36,255,51
1504,2019-12-14,15,62,365,73
1505,2019-12-15,10,41,230,46
1506,2019-12-16,6,8,79,16
1507,2019-12-17,3,6,50,10
1508,2019-12-18,3,6,50,10
1509,2019-12-19,9,18,140,28
1510,2019-12-20,4,8,65,13
1511,2019-12-21,8,22,166,33
1512,2019-12-22,10,16,139,28
1513,2019-12-23,2,5,49,10
1514,2019-12-24,3,6,45,9
1515,2019-12-25,2,4,39,8
1516,2019-12-26,4,8,55,11
1517,2019-12-27,4,8,60,12
1518,2019-12-28,5,13,90,18
1519,2019-12-29,5,10,75,15
1520,2019-12-31,1,1,10,2
1521,2020-01-02,1,2,20,4
1522,2020-01-03,1,3,20,4
1523,2020-01-04,2,11,105,21
1524,2020-01-05,2,8,55,11
1525,2020-01-06,1,1,10,2
1526,2020-01-07,3,13,90,18
1527,2020-01-08,4,23,140,28
1528,2020-01-09,3,15,85,17
1529,2020-01-10,4,9,80,16
1530,2020-01-11,5,40,221,44
1531,2020-01-12,6,25,169,34
1532,2020-01-13,5,7,69,14
1533,2020-01-14,6,16,116,23
1534,2020-01-15,7,17,145,29
1535,2020-01-16,7,13,115,23
1536,2020-01-17,4,5,50,10
1537,2020-01-18,4,18,150,30
1538,2020-01-19,9,24,171,34
1539,2020-01-20,4,6,50,10
1540,2020-01-21,7,12,110,22
1541,2020-01-22,7,18,140,28
1542,2020-01-23,5,9,85,17
1543,2020-01-24,4,10,75,15
1544,2020-01-25,6,10,90,18
1545,2020-01-26,5,8,70,14
1546,2020-01-27,3,3,30,6
1547,2020-01-28,3,6,55,11
1548,2020-01-29,4,9,85,17
1549,2020-01-30,2,5,40,8
1550,2020-01-31,3,6,60,12
1551,2020-02-01,8,39,295,59
1552,2020-02-02,7,17,160,32
1553,2020-02-03,3,10,85,17
1554,2020-02-04,5,10,100,20
1555,2020-02-05,5,32,224,45
1556,2020-02-06,5,14,135,27
1557,2020-02-07,5,8,80,16
1558,2020-02-08,5,18,151,30
1559,2020-02-09,6,24,171,34
1560,2020-02-10,5,11,105,21
1561,2020-02-11,5,10,100,20
1562,2020-02-12,6,20,190,38
1563,2020-02-13,7,31,235,47
1564,2020-02-14,8,49,305,61
1565,2020-02-15,9,61,396,79
1566,2020-02-16,7,35,215,43
1567,2020-02-17,7,11,105,21
1568,2020-02-18,7,25,180,36
1569,2020-02-19,7,18,146,29
1570,2020-02-20,8,26,205,41
1571,2020-02-21,7,20,150,30
1572,2020-02-22,5,12,100,20
1573,2020-02-23,6,13,100,20
1574,2020-02-24,6,14,125,25
1575,2020-02-25,4,18,162,32
1576,2020-02-26,5,27,235,47
1577,2020-02-27,2,9,80,16
